[
  {
    "id": "4cdb505a-f2b0-4af1-9fe5-f8e9f5adcba7",
    "text": "check the layout",
    "completed": true
  },
  {
    "id": "0dc66a42-c0c6-4420-9fd1-2e1d412a794c",
    "text": "new",
    "completed": false
  },
  {
    "id": "24dd1c0f-7990-4edf-b164-2461a1055118",
    "text": "new",
    "completed": false
  },
  {
    "id": "e0601816-cc24-49b9-ba12-b49c0beb3785",
    "text": "a very very long task schedule",
    "completed": false
  },
  {
    "id": "84ea5eaf-8434-4ada-be2c-cabd92529cbc",
    "text": "tail tail kidogo",
    "completed": false
  },
  {
    "id": "175c8d69-ccd2-4ea1-98b0-96b78b35ce18",
    "text": "sshould i integrate calender",
    "completed": false
  },
  {
    "id": "b4fa8ed5-53a1-40e9-b88d-0536263ff7f0",
    "text": "\\sazdfxcgsgcytdfwfefdgwdgcghwdygfwehgcdhgvdcedghdcgvegcyetwffewcvhgvechwk",
    "completed": false
  }
]